id_paper,keyword
101981808,Engineering
101981808,Chemistry
101981808,Physics
101981808,Physics
101981808,data management
145852445,Engineering
145852445,Computer Science
186291484,History
186291484,Art
186291484,Art
129450515,Environmental Science
129450515,Environmental Science
121058446,Mathematics
121058446,Mathematics
168414984,data modeling
200071997,Chemistry
200071997,Engineering
200071997,Materials Science
125468,Environmental Science
125468,Law
125468,Medicine
2584989,Physics
2584989,Mathematics
2584989,Mathematics
2584989,data storage
186421253,data querying
209862209,Physics
209862209,Materials Science
209862209,Physics
209862209,Medicine
209862209,big data
72296969,Medicine
72296969,Medicine
72296969,data management
31445723,Business
31445723,Business
31445723,Medicine
108521175,Engineering
108521175,Chemistry
108521175,Chemistry
158785904,Law
158785904,Political Science
158785904,data storage
28708938,Medicine
28708938,Medicine
28708938,data modeling
120908459,Environmental Science
120908459,Environmental Science
99530052,Chemistry
99530052,Chemistry
99530052,data management
1538400,Computer Science
1538400,Computer Science
5531431,Business
5531431,Economics
5531431,Law
5531431,Political Science
5531431,Business
5531431,Computer Science
5531431,data management
139696448,Materials Science
139696448,Chemistry
139696448,Engineering
139696448,Materials Science
139696448,data querying
232037089,Engineering
232037089,Environmental Science
232037089,Chemistry
232037089,Medicine
75382870,Political Science
75382870,Medicine
75382870,Economics
75382870,Medicine
75382870,data storage
124330025,Engineering
124330025,Computer Science
124330025,data management
228382780,Engineering
228382780,Environmental Science
228382780,Geology
228382780,Geology
228382780,indexing
153535830,Political Science
153535830,Economics
153535830,Economics
153535830,data querying
163842104,History
163842104,Sociology
163842104,History
146617912,Philosophy
146617912,Philosophy
258051377,Biology
258051377,Medicine
258051377,Environmental Science
258051377,Biology
258051377,Medicine
8841793,Biology
8841793,Environmental Science
8841793,Biology
8841793,data management
75054458,Environmental Science
75054458,Linguistics
75054458,Sociology
75054458,Computer Science
223020377,data processing
95842250,Environmental Science
95842250,Chemistry
95842250,Materials Science
95842250,Environmental Science
95842250,indexing
254542192,big data
45921803,Education
45921803,Computer Science
44260310,Economics
44260310,Medicine
44260310,Computer Science
44260310,big data
63995323,Computer Science
63995323,Computer Science
78726194,History
78726194,Sociology
78726194,History
78726194,Medicine
28377837,Biology
28377837,Medicine
28377837,Medicine
28377837,data storage
156070351,Education
156070351,Sociology
189510671,Education
189510671,Political Science
189510671,data querying
231796234,data management
10108530,Mathematics
10108530,Computer Science
10108530,Mathematics
5949008,Biology
5949008,Medicine
5949008,Biology
5949008,Medicine
5949008,data processing
79755043,Medicine
79755043,Medicine
79755043,data management
251346531,data querying
167454971,Economics
167454971,Computer Science
167454971,Political Science
167454971,Business
124796951,Chemistry
124796951,Mathematics
124796951,data querying
46448766,Medicine
46448766,Medicine
46448766,data processing
238757278,data processing
26409755,Biology
26409755,Environmental Science
26409755,Medicine
26409755,Biology
26409755,Medicine
26409755,data querying
26003055,Physics
26003055,Physics
8807151,Biology
8807151,Medicine
8807151,Medicine
8807151,Biology
44569165,Chemistry
44569165,Chemistry
44569165,Medicine
84267200,Environmental Science
84267200,Biology
84267200,Biology
167401804,Economics
167401804,Business
167401804,Business
167401804,data management
27819708,Medicine
27819708,Physics
27819708,Medicine
18495988,Engineering
18495988,Medicine
18495988,Engineering
139112949,Materials Science
139112949,Chemistry
139112949,Materials Science
139112949,big data
130445160,Geology
130445160,Geology
130445160,data storage
223874910,big data
258986251,data processing
204150707,Chemistry
204150707,Biology
204150707,Chemistry
89394830,Biology
89394830,Materials Science
89394830,Biology
89394830,data storage
92240370,indexing
45488528,Medicine
45488528,Medicine
45488528,data modeling
192016747,big data
141993541,Sociology
141993541,Sociology
141993541,data management
143271210,Psychology
143271210,Medicine
143271210,Medicine
114189193,Environmental Science
114189193,Engineering
155235290,Sociology
155235290,History
155235290,Political Science
143805797,History
143805797,Sociology
143805797,Art
143805797,data storage
84576458,Environmental Science
84576458,Political Science
3572902,Medicine
3572902,Biology
3572902,Medicine
3572902,data storage
274888477,indexing
11540839,Biology
11540839,Medicine
11540839,Medicine
11540839,data querying
20311431,Medicine
20311431,Medicine
20311431,Chemistry
21209835,Computer Science
21209835,Computer Science
21209835,indexing
95663367,Physics
95663367,Chemistry
135978759,Medicine
135978759,Engineering
135978759,Materials Science
175838850,data querying
166730365,Business
166730365,Engineering
166730365,Business
206643182,Environmental Science
206643182,Biology
206643182,Medicine
206643182,Biology
187893495,data management
266092725,data management
157504473,Medicine
157504473,Sociology
157504473,Political Science
147568461,Education
147568461,Sociology
147568461,Psychology
120451031,Computer Science
120451031,Mathematics
120451031,Mathematics
120451031,indexing
98850755,Agricultural and Food Sciences
98850755,Environmental Science
98850755,Chemistry
98850755,data querying
101906284,Chemistry
101906284,Materials Science
101906284,Materials Science
101906284,indexing
91142293,Medicine
91142293,Biology
91142293,Biology
91142293,data storage
203268219,data processing
11902340,Computer Science
11902340,Education
11902340,Computer Science
11902340,data processing
69689608,Computer Science
69689608,Engineering
69689608,Computer Science
146001372,Computer Science
146001372,Computer Science
146001372,data modeling
173323950,data processing
158481373,Sociology
158481373,History
158481373,data processing
155998406,Economics
155998406,Economics
24938915,Chemistry
24938915,Materials Science
24938915,Environmental Science
24938915,Materials Science
24938915,Medicine
68911969,Medicine
68911969,Medicine
130029917,Environmental Science
130029917,Geography
130029917,big data
191312317,Art
191312317,History
191312317,Art
4266941,Biology
4266941,Chemistry
4266941,Environmental Science
4266941,Chemistry
4266941,Medicine
146800937,data querying
232451437,Education
232451437,Economics
232451437,Sociology
232451437,Political Science
232451437,Psychology
20657163,Biology
20657163,Medicine
20657163,Biology
20657163,Medicine
12781336,Engineering
12781336,Computer Science
12781336,data modeling
107674571,Engineering
107674571,Environmental Science
107674571,Engineering
107674571,data processing
117124291,Mathematics
117124291,Mathematics
123858958,Mathematics
123858958,Mathematics
238169062,Agricultural and Food Sciences
238169062,Physics
242994602,indexing
266015592,Medicine
266015592,Medicine
41283967,Engineering
41283967,Mathematics
41283967,Mathematics
275647645,indexing
10823459,Environmental Science
10823459,Economics
10823459,Economics
96780653,Materials Science
96780653,Chemistry
137875463,Materials Science
137875463,Engineering
137875463,Environmental Science
137875463,Materials Science
136011905,Engineering
136011905,Materials Science
136011905,Materials Science
136011905,data querying
259570267,indexing
226263664,Biology
226263664,Medicine
226263664,Biology
226263664,Chemistry
226263664,data storage
187066563,Agricultural and Food Sciences
187066563,Chemistry
16182373,data modeling
166668323,Environmental Science
166668323,Law
166668323,Political Science
166668323,big data
56204883,Chemistry
56204883,Materials Science
56204883,Chemistry
95532301,Chemistry
95532301,Materials Science
95532301,Chemistry
95532301,data storage
75658845,Medicine
75658845,Medicine
75658845,data processing
224721158,data storage
220762846,Mathematics
220762846,Mathematics
220762846,data management
451799,Computer Science
451799,Computer Science
451799,big data
56396101,Environmental Science
56396101,Geology
31951556,Medicine
31951556,Medicine
31951556,data querying
77429087,Medicine
77429087,Biology
77429087,Medicine
197729002,Law
197729002,Psychology
197729002,data storage
140055155,Materials Science
140055155,Materials Science
140055155,data storage
152911244,Physics
152911244,Sociology
152911244,data modeling
52892151,Medicine
52892151,Medicine
52892151,Psychology
52892151,data modeling
5122427,Environmental Science
5122427,Biology
5122427,Medicine
5122427,Biology
5122427,big data
259056233,indexing
72710943,Environmental Science
72710943,Medicine
72710943,Medicine
39800383,Medicine
39800383,Medicine
87338583,Biology
87338583,Materials Science
87338583,Chemistry
87338583,data querying
98502109,Chemistry
98502109,Medicine
98502109,Chemistry
204047104,data management
190595972,History
190595972,Art
190821524,indexing
132077861,Environmental Science
132077861,Geography
132077861,Geography
133029095,Environmental Science
133029095,Geography
133029095,Environmental Science
173333141,Art
173333141,Art
254906339,Medicine
254906339,Environmental Science
254906339,Medicine
30981004,Computer Science
30981004,Engineering
30981004,Computer Science
30981004,data modeling
263908609,Chemistry
263908609,Medicine
79719823,Medicine
79719823,Medicine
79719823,indexing
82080195,Biology
82080195,Environmental Science
82080195,Biology
236599323,Agricultural and Food Sciences
236599323,Biology
154191583,Sociology
154191583,Political Science
154191583,data modeling
856452,Medicine
856452,Biology
856452,Medicine
74253436,Medicine
74253436,Medicine
74253436,big data
90796197,Agricultural and Food Sciences
90796197,Chemistry
90796197,Environmental Science
90796197,Biology
90796197,Biology
121024831,Physics
121024831,Physics
121024831,big data
184483697,Medicine
184483697,Medicine
260501554,Medicine
260501554,Medicine
260501554,data modeling
275296931,data modeling
193464570,data modeling
59247798,Chemistry
59247798,Engineering
59247798,Materials Science
59247798,Materials Science
72041500,Medicine
72041500,Medicine
72041500,data querying
233227270,data modeling
42042086,Biology
42042086,Medicine
42042086,Medicine
239956590,big data
221668019,data management
24343427,Biology
24343427,Environmental Science
24343427,Biology
24343427,data processing
225808943,Environmental Science
225808943,Computer Science
124016355,Physics
124016355,Engineering
124016355,Materials Science
124016355,big data
272399486,Environmental Science
272399486,Medicine
272399486,Medicine
272399486,big data
167425546,Economics
167425546,Education
167425546,Business
182392526,data storage
178260148,data querying
53552145,data management
202182175,Environmental Science
202182175,Engineering
202182175,Environmental Science
202182175,data processing
24796199,Biology
24796199,Medicine
24796199,Biology
24796199,Medicine
38836509,History
38836509,Medicine
38836509,History
38836509,Medicine
71604150,Medicine
71604150,Medicine
71604150,big data
32030403,data processing
101238913,Environmental Science
101238913,Chemistry
60462770,Mathematics
60462770,Computer Science
60462770,big data
189114314,History
189114314,Art
189114314,Political Science
189114314,Political Science
189114314,data querying
209349015,data processing
98089442,Chemistry
98089442,Chemistry
231651127,Computer Science
231651127,Biology
231651127,Computer Science
231651127,Medicine
231651127,data querying
28530716,Medicine
28530716,Medicine
28530716,data modeling
79698507,indexing
244767641,data storage
199667687,Engineering
199667687,Environmental Science
199667687,Physics
199667687,data storage
12652081,Biology
12652081,Computer Science
12652081,Medicine
12652081,Biology
12652081,Medicine
12652081,data processing
61829027,Computer Science
61829027,Engineering
61829027,Computer Science
61829027,data management
106888776,Business
106888776,Engineering
125833637,Physics
125833637,Materials Science
125833637,Physics
125833637,Engineering
125833637,data processing
88241020,Biology
88241020,Environmental Science
88241020,Biology
88241020,data processing
148593540,Psychology
148593540,Psychology
148593540,data storage
22221476,Mathematics
22221476,Mathematics
22221476,data management
128578470,Geology
128578470,Geology
258311982,Medicine
258311982,Environmental Science
258311982,Medicine
258311982,data management
202676897,Mathematics
202676897,Mathematics
202676897,data storage
129170273,Engineering
129170273,Environmental Science
129170273,Geology
129170273,indexing
70983763,Medicine
70983763,Agricultural and Food Sciences
70983763,Medicine
136599075,Materials Science
136599075,Engineering
136599075,Materials Science
70915265,Law
70915265,Medicine
70915265,Psychology
70915265,Medicine
58659163,Medicine
58659163,Mathematics
58659163,Medicine
58659163,Computer Science
58659163,data management
55550503,Biology
55550503,Environmental Science
55550503,Medicine
55550503,Biology
55550503,data processing
148009834,History
148009834,Medicine
148009834,Psychology
101638070,Chemistry
101638070,Environmental Science
101638070,Chemistry
101638070,data management
153987615,Economics
153987615,Agricultural and Food Sciences
153987615,Economics
73420227,Sociology
73420227,Medicine
261119959,Medicine
261119959,Sociology
261119959,Medicine
261119959,indexing
220653192,Medicine
220653192,Psychology
220653192,Medicine
118955455,Mathematics
118955455,Mathematics
118955455,data querying
99541138,Chemistry
99541138,Biology
99541138,Chemistry
99541138,data storage
45352711,Mathematics
45352711,Computer Science
45352711,big data
137200542,Engineering
137200542,Materials Science
137200542,Materials Science
256359227,Psychology
256359227,Medicine
218778706,Environmental Science
218778706,Chemistry
218778706,Medicine
218778706,Chemistry
218778706,big data
42375013,Agricultural and Food Sciences
42375013,Medicine
42375013,Medicine
77909284,Medicine
77909284,Medicine
77909284,data querying
78780436,Medicine
78780436,Medicine
125983630,Physics
125983630,Physics
125983630,data storage
120059081,data querying
217022858,data storage
239282081,big data
246081813,data processing
62245721,Education
62245721,Linguistics
62245721,Computer Science
62245721,indexing
133242855,Environmental Science
133242855,Geology
133242855,Geology
133242855,indexing
26053687,Environmental Science
26053687,Medicine
26053687,Chemistry
26053687,Medicine
26053687,data management
275991627,Environmental Science
275991627,Biology
275991627,Medicine
275991627,Medicine
56884273,Computer Science
56884273,Computer Science
56884273,data querying
297866,Chemistry
297866,Medicine
297866,Biology
297866,Medicine
124282210,Engineering
124282210,Physics
124282210,Materials Science
24394861,Medicine
24394861,Medicine
24394861,data storage
112194519,Engineering
112194519,Engineering
225475696,indexing
82826594,Biology
82826594,Medicine
82826594,Biology
92402955,Chemistry
92402955,Chemistry
92402955,data management
20129802,Medicine
20129802,Medicine
20129802,big data
97372547,Chemistry
97372547,Chemistry
97372547,data storage
181924342,data querying
157624680,Sociology
157624680,Economics
157624680,data querying
122343240,Physics
122343240,Physics
105733920,Materials Science
105733920,Engineering
105733920,Chemistry
105733920,Materials Science
114816665,data modeling
134389856,Engineering
134389856,Geology
249715868,indexing
49680314,Medicine
49680314,Medicine
58832119,Medicine
58832119,Medicine
142224607,Materials Science
142224607,Engineering
142224607,Education
142224607,Psychology
170297533,data modeling
247043693,data modeling
123885618,Philosophy
123885618,Computer Science
123885618,Mathematics
123885618,Computer Science
23583645,Medicine
23583645,Medicine
196991008,Chemistry
196991008,Chemistry
196991008,data modeling
11712803,Computer Science
11712803,Engineering
11712803,Computer Science
11712803,data management
64607784,Computer Science
64607784,Engineering
64607784,Computer Science
102021713,Agricultural and Food Sciences
102021713,Chemistry
102021713,data processing
182633449,data modeling
160358904,History
160358904,History
160358904,data management
27938002,Computer Science
27938002,Education
27938002,Computer Science
27938002,big data
203563324,big data
286934,Computer Science
286934,Engineering
286934,Computer Science
286934,data management
10372032,indexing
68382263,Medicine
68382263,Engineering
68382263,Medicine
68382263,data modeling
65165576,Education
65165576,Linguistics
65165576,Psychology
65165576,big data
140065224,Engineering
140065224,Materials Science
140065224,Materials Science
142152365,History
142152365,Psychology
142152365,data storage
252567488,Medicine
252567488,Medicine
211453941,Environmental Science
211453941,Political Science
211453941,Political Science
155959512,Engineering
155959512,Materials Science
155959512,Materials Science
140742027,Materials Science
140742027,Engineering
140742027,Materials Science
140742027,data processing
80100071,indexing
73945299,Medicine
73945299,Chemistry
2539435,Medicine
2539435,Medicine
193215078,indexing
159484974,data management
216893039,data management
209114420,Biology
209114420,Medicine
209114420,data management
255167329,data querying
43368940,Biology
43368940,Medicine
43368940,Biology
43368940,Medicine
43368940,data modeling
87960219,Medicine
87960219,Biology
87960219,Medicine
137322662,Materials Science
137322662,Agricultural and Food Sciences
137322662,Materials Science
119407158,Physics
119407158,Physics
119407158,data processing
126569443,Geology
126569443,Geology
126569443,indexing
212525885,data modeling
180267999,indexing
5157837,Computer Science
5157837,Computer Science
20990370,Medicine
20990370,Medicine
20990370,data querying
40915910,Physics
40915910,Physics
40915910,data querying
276618343,Physics
276618343,Computer Science
276618343,Physics
276618343,data modeling
195065793,Medicine
195065793,Biology
195065793,Medicine
195065793,big data
17893987,data querying
113470551,data processing
45576611,Physics
45576611,Physics
45576611,Medicine
128754007,Environmental Science
128754007,Business
128754007,Environmental Science
128754007,data modeling
258483496,Medicine
258483496,Medicine
201960511,Medicine
201960511,Business
201960511,Medicine
201960511,big data
171895278,data management
246728751,data processing
201997859,Medicine
201997859,Engineering
201997859,Medicine
201997859,data processing
4031381,Environmental Science
4031381,Chemistry
4031381,Medicine
20676059,Medicine
20676059,Medicine
20676059,data querying
34855539,Medicine
34855539,Medicine
111252001,Engineering
111252001,Engineering
111252001,big data
230177715,History
230177715,Art
230177715,data modeling
147319514,Medicine
147319514,Psychology
147319514,data processing
118806022,Environmental Science
118806022,Geology
118806022,data processing
95796464,Chemistry
95796464,Environmental Science
95796464,Chemistry
95796464,data storage
135197892,Materials Science
135197892,Materials Science
135197892,data management
184052487,data storage
198743578,Engineering
198743578,Sociology
82369106,Medicine
82369106,Agricultural and Food Sciences
82369106,Environmental Science
82369106,Medicine
82369106,data querying
222548490,Agricultural and Food Sciences
222548490,Biology
129442394,Geology
129442394,Environmental Science
129442394,Geology
262378498,Medicine
262378498,Medicine
262378498,data processing
215725635,Biology
215725635,Medicine
215725635,Biology
215725635,data management
80242383,Medicine
80242383,Medicine
91811950,data querying
106944413,data management
182666887,data querying
204191304,big data
213995997,Business
213995997,Economics
213995997,Business
96360762,Materials Science
96360762,Materials Science
33350831,Chemistry
33350831,Chemistry
33350831,Medicine
257934434,Medicine
257934434,Medicine
235772821,Medicine
235772821,Medicine
235772821,data querying
135855640,Physics
135855640,Materials Science
144876679,Law
144876679,Political Science
144876679,Political Science
158195650,Economics
158195650,Education
158195650,Sociology
155193855,Political Science
155193855,Political Science
164239136,Education
164239136,Sociology
75257476,Medicine
75257476,Medicine
75257476,data modeling
235478839,Mathematics
235478839,Education
235478839,Physics
235478839,data management
274826730,Computer Science
274826730,Linguistics
274826730,Computer Science
30624879,Chemistry
30624879,Chemistry
30624879,Medicine
30624879,data querying
218565287,Computer Science
218565287,Computer Science
218565287,data processing
126354601,Mathematics
126354601,Engineering
126354601,Mathematics
126354601,data modeling
235482877,Medicine
235482877,Medicine
23958943,Medicine
23958943,Medicine
113009492,Engineering
113009492,Physics
113009492,Engineering
113009492,data querying
77319590,Medicine
77319590,History
77319590,Medicine
77319590,data processing
185335635,data querying
155003070,History
155003070,Political Science
71625186,Education
71625186,History
11839620,Education
11839620,Medicine
11839620,Medicine
53709799,Physics
53709799,Physics
24889326,Environmental Science
24889326,Medicine
24889326,Medicine
24889326,indexing
72450894,Medicine
72450894,Medicine
80248340,Medicine
80248340,Medicine
80248340,data querying
45968027,Medicine
45968027,Medicine
128735081,Agricultural and Food Sciences
128735081,Environmental Science
128735081,Geography
230649470,Medicine
230649470,Medicine
168982943,Computer Science
168982943,Economics
168982943,Political Science
168982943,Business
168982943,Business
168982943,data management
172981356,data querying
231845683,Medicine
231845683,Medicine
231845683,data querying
12578342,Biology
12578342,Medicine
12578342,Biology
12578342,Medicine
12578342,indexing
87115729,Medicine
87115729,Biology
67378732,Education
67378732,Linguistics
67378732,Computer Science
99125297,Chemistry
99125297,Chemistry
99125297,data storage
223216049,data modeling
224117480,data modeling
32558898,Medicine
32558898,Medicine
191548549,Art
191548549,Art
183931904,data processing
89672111,Medicine
89672111,Biology
13624171,Medicine
13624171,Medicine
13624171,big data
189413403,Mathematics
189413403,Business
189413403,Sociology
189413403,big data
33699769,Biology
33699769,Medicine
33699769,Biology
33699769,Medicine
204330765,Environmental Science
204330765,Biology
204330765,Geography
204330765,data querying
19570819,Medicine
19570819,Medicine
77518966,Medicine
77518966,Medicine
77518966,data querying
123945916,Linguistics
123945916,Mathematics
269893623,big data
113500795,data management
89681121,Medicine
89681121,Chemistry
89681121,Chemistry
89681121,data querying
136960986,Physics
136960986,Engineering
136960986,Materials Science
136960986,Engineering
136960986,big data
73576704,History
73576704,Sociology
73576704,Sociology
195527855,Medicine
195527855,Sociology
195527855,Political Science
269284225,data querying
59519296,Environmental Science
59519296,Geography
59519296,Environmental Science
59519296,data storage
68206240,Medicine
68206240,Medicine
68206240,data management
84949233,Biology
84949233,Medicine
84949233,Biology
84949233,data storage
165097918,data management
22458615,Education
22458615,Medicine
22458615,Medicine
140971869,Sociology
140971869,Sociology
140971869,Psychology
140971869,data modeling
135926710,Materials Science
135926710,Chemistry
135926710,Materials Science
135926710,data processing
7626067,Biology
7626067,Medicine
7626067,Medicine
7626067,Biology
7626067,data management
124305949,Physics
124305949,Physics
100221604,Chemistry
100221604,Materials Science
100221604,data storage
208345781,data processing
23072415,Biology
23072415,Medicine
23072415,Biology
23072415,Medicine
25826502,Medicine
25826502,Medicine
25826502,data querying
34974323,Computer Science
34974323,Engineering
34974323,Engineering
34974323,Computer Science
268670837,Agricultural and Food Sciences
268670837,Medicine
232430141,Medicine
232430141,Sociology
232430141,Medicine
232430141,big data
252367265,Physics
252367265,Computer Science
252367265,Physics
252367265,Computer Science
252367265,data processing
26724364,Business
26724364,Law
26724364,Medicine
26724364,big data
90415210,Agricultural and Food Sciences
90415210,Chemistry
121181276,Physics
121181276,Education
121181276,Physics
121181276,data storage
132047294,History
132047294,Geography
132047294,indexing
167782234,Environmental Science
167782234,Business
167782234,indexing
179026004,data storage
196026910,Engineering
196026910,Materials Science
196026910,Computer Science
196026910,data processing
265449953,Medicine
265449953,Biology
265449953,Medicine
265449953,data management
155125932,Economics
155125932,Medicine
155125932,Economics
36087052,Psychology
36087052,Psychology
36087052,Medicine
36087052,indexing
31562119,Medicine
31562119,Medicine
88812793,Medicine
88812793,Medicine
125058569,Mathematics
125058569,Mathematics
113369758,Environmental Science
113369758,Engineering
113369758,Engineering
113369758,big data
110396725,Engineering
110396725,Engineering
130113484,History
130113484,Geography
130113484,Sociology
130113484,Geography
130800542,Environmental Science
130800542,Geology
130800542,Geology
155113241,History
155113241,Political Science
155113241,Art
155113241,data processing
6350943,Medicine
6350943,Biology
6350943,Medicine
6350943,data querying
203720147,Medicine
203720147,Medicine
203720147,data storage
95789001,data modeling
195490351,data processing
237996594,History
237996594,History
159471213,History
159471213,Philosophy
159471213,Philosophy
159471213,data processing
183340401,data management
18019367,Engineering
18019367,Environmental Science
18019367,Engineering
18019367,data management
268186377,Chemistry
268186377,Medicine
268186377,data storage
145604338,Linguistics
145604338,Education
145604338,Psychology
177710677,data processing
190518241,data management
253211162,data modeling
113089354,Engineering
113089354,Engineering
274797030,Medicine
274797030,Medicine
15487862,Engineering
15487862,Computer Science
28485963,Biology
28485963,Biology
28485963,Medicine
181969625,data management
29216136,History
29216136,Medicine
29216136,data storage
193895118,Agricultural and Food Sciences
193895118,Biology
193895118,data querying
96808376,Chemistry
96808376,Physics
96808376,Chemistry
96808376,data management
3573883,Computer Science
3573883,Engineering
3573883,Environmental Science
3573883,Computer Science
3573883,big data
276616737,Medicine
276616737,Medicine
80490809,data modeling
193736362,History
193736362,Art
193744423,Medicine
193744423,Art
193744423,data modeling
190590286,big data
127616202,data modeling
132963287,Medicine
132963287,Engineering
132963287,Medicine
109458601,Law
109458601,Environmental Science
109458601,Agricultural and Food Sciences
109458601,Engineering
109458601,data storage
52040671,Biology
52040671,Environmental Science
52040671,Medicine
52040671,Biology
2677056,Chemistry
2677056,Chemistry
2677056,Medicine
8678349,Biology
8678349,Medicine
8678349,Biology
8678349,Medicine
8678349,data processing
22638841,Biology
22638841,Chemistry
22638841,Biology
22638841,Medicine
62173528,Computer Science
62173528,Engineering
62173528,Computer Science
34808071,Medicine
34808071,Medicine
34808071,indexing
126664440,History
126664440,Political Science
126664440,Geography
110714546,Engineering
110714546,Physics
110714546,Materials Science
110714546,big data
208754449,Chemistry
208754449,Materials Science
208754449,Chemistry
220381901,Computer Science
220381901,Computer Science
220381901,indexing
218924507,Medicine
218924507,Medicine
218924507,data modeling
72235275,Medicine
72235275,Medicine
72235275,big data
138464820,Environmental Science
138464820,Engineering
138464820,Chemistry
138464820,Environmental Science
138464820,indexing
85339728,Medicine
85339728,Medicine
85339728,indexing
112710859,Engineering
112710859,Environmental Science
112710859,Engineering
109030589,Engineering
109030589,Computer Science
109030589,Mathematics
109030589,data querying
109495592,Engineering
109495592,Physics
109495592,Engineering
268586144,data querying
136436401,Engineering
136436401,Materials Science
136436401,Materials Science
138568261,Environmental Science
138568261,Materials Science
88777166,Biology
88777166,Chemistry
88777166,Biology
220265543,Physics
220265543,Physics
85648104,Environmental Science
85648104,Biology
85648104,Biology
85648104,data querying
238412682,data storage
230536434,Materials Science
230536434,Engineering
230536434,Materials Science
233698238,Environmental Science
233698238,Agricultural and Food Sciences
233698238,Environmental Science
243134242,data management
208100330,Economics
208100330,Computer Science
208100330,Computer Science
208100330,data processing
26729151,Biology
26729151,Medicine
26729151,Biology
26729151,Medicine
26729151,data storage
844951,Mathematics
844951,Physics
844951,Mathematics
16985969,Economics
16985969,Economics
16985969,indexing
90084775,Biology
90084775,Environmental Science
90084775,Materials Science
90084775,Biology
90084775,big data
79616434,data storage
148643233,Medicine
148643233,Psychology
150094372,Education
150094372,Linguistics
150094372,Sociology
228028518,data storage
196155953,Education
196155953,Computer Science
196155953,Psychology
206127782,Biology
206127782,Chemistry
206127782,Medicine
206127782,Biology
206127782,Medicine
206127782,data querying
265367,Environmental Science
265367,Biology
265367,Chemistry
265367,Engineering
265367,Medicine
265367,Biology
1587920,data querying
94311139,Chemistry
94311139,Physics
94311139,Physics
94311139,big data
75814934,Medicine
75814934,Medicine
63102413,Computer Science
63102413,Engineering
63102413,Computer Science
63102413,indexing
164858796,indexing
189442539,big data
190794198,data management
21811786,Psychology
21811786,Medicine
21811786,Psychology
21811786,Medicine
21811786,indexing
61996730,Art
61996730,Education
61996730,Computer Science
61996730,big data
85128723,Engineering
85128723,Materials Science
85128723,Materials Science
87732529,Medicine
87732529,Medicine
245852459,Engineering
245852459,Physics
120469305,Physics
120469305,Physics
120469305,data storage
71568376,Medicine
71568376,Biology
71568376,Medicine
145882738,Engineering
145882738,Materials Science
145882738,Materials Science
145882738,data querying
210251349,Business
210251349,Geography
210251349,indexing
152336262,Business
152336262,Computer Science
152336262,Economics
152336262,Political Science
152336262,data querying
64551036,Computer Science
64551036,Engineering
64551036,Computer Science
90572846,Medicine
90572846,Chemistry
90572846,data modeling
109521759,Engineering
109521759,Mathematics
109521759,Mathematics
219209334,data processing
198965504,Environmental Science
198965504,Chemistry
198965504,Medicine
198965504,Chemistry
198965504,data querying
118430867,Physics
118430867,Physics
89629313,Medicine
89629313,Biology
1583102,Engineering
1583102,Physics
1583102,Mathematics
1583102,Computer Science
1583102,data management
220373508,Medicine
220373508,Medicine
250880137,Physics
250880137,Physics
40409021,Medicine
40409021,Medicine
40409021,data modeling
68347055,Medicine
68347055,Medicine
68347055,data management
37865428,Computer Science
37865428,Computer Science
86313323,Biology
86313323,Environmental Science
86313323,Agricultural and Food Sciences
86313323,Biology
186386478,indexing
148692934,Psychology
148692934,Psychology
148692934,data management
194734117,Psychology
194734117,Sociology
194734117,History
194734117,data management
207803296,data querying
107260591,big data
130437295,Physics
130437295,Geography
130437295,data management
154640820,Agricultural and Food Sciences
154640820,Environmental Science
154640820,Economics
154640820,data modeling
46957914,Biology
46957914,Medicine
46957914,Chemistry
46957914,Environmental Science
46957914,Medicine
46957914,Chemistry
46957914,data processing
9157857,Psychology
9157857,Psychology
9157857,Medicine
9157857,indexing
125961332,Engineering
125961332,Environmental Science
125961332,Environmental Science
37740332,Medicine
37740332,Psychology
37740332,Psychology
37740332,Medicine
37740332,data processing
195770583,Materials Science
195770583,Engineering
195770583,Medicine
195770583,Materials Science
195770583,data storage
35995700,Medicine
35995700,Medicine
153470063,Engineering
153470063,Political Science
153470063,Economics
153470063,data processing
164757113,data processing
142493373,Education
142493373,Psychology
142493373,data modeling
173858199,data querying
58698005,Computer Science
58698005,Engineering
58698005,Computer Science
58698005,Engineering
4689269,Medicine
4689269,Materials Science
4689269,Medicine
164043531,History
164043531,History
164043531,big data
155741816,indexing
111658864,Engineering
111658864,Environmental Science
111658864,Engineering
144155845,Psychology
144155845,Psychology
144155845,indexing
227094375,Materials Science
227094375,Chemistry
227094375,Chemistry
227094375,indexing
81727670,Agricultural and Food Sciences
81727670,Biology
81727670,Environmental Science
81727670,Biology
81727670,data modeling
108229363,Computer Science
108229363,Business
108229363,Engineering
108229363,data storage
237486848,Psychology
237486848,Medicine
9995084,Business
9995084,Computer Science
9995084,Business
9995084,indexing
12385015,Medicine
12385015,Medicine
12385015,data querying
19562678,Biology
19562678,Medicine
19562678,Medicine
17012664,Computer Science
17012664,Engineering
17012664,Computer Science
17012664,indexing
94126380,Chemistry
94126380,Chemistry
94126380,data querying
135359786,Environmental Science
135359786,Physics
135359786,Engineering
135359786,Environmental Science
135359786,big data
131452651,Agricultural and Food Sciences
131452651,Geography
131452651,data storage
149269199,data modeling
228253192,data modeling
821454,Chemistry
821454,Environmental Science
821454,Medicine
821454,Materials Science
821454,data processing
8344168,Education
8344168,Medicine
8344168,Business
8344168,Medicine
8344168,data querying
22680428,Biology
22680428,Biology
22680428,Medicine
188542423,Education
188542423,Political Science
94597918,Chemistry
94597918,Chemistry
94597918,data modeling
244449421,data storage
30750980,Medicine
30750980,Medicine
270120785,Medicine
270120785,Biology
270120785,Medicine
233608522,Materials Science
233608522,Environmental Science
233608522,Engineering
233608522,Materials Science
276240962,indexing
11253311,Chemistry
11253311,Physics
11253311,Chemistry
11253311,Medicine
11253311,data querying
30101737,Medicine
30101737,Medicine
30101737,data processing
91847217,Chemistry
91847217,Engineering
91847217,Physics
91847217,Chemistry
107120585,Business
107120585,Engineering
107120585,indexing
243394169,big data
195967602,Medicine
195967602,Medicine
181986676,data management
1272980,Biology
1272980,Medicine
1272980,Medicine
11281260,Computer Science
11281260,Mathematics
11281260,Computer Science
11281260,Mathematics
21033558,Engineering
21033558,Medicine
21033558,Medicine
90048111,Biology
90048111,Medicine
90048111,Biology
112731969,Education
112731969,Engineering
23750623,Medicine
23750623,Medicine
23750623,data storage
90905740,Biology
90905740,Biology
147111288,Philosophy
147111288,Computer Science
226781671,big data
130239324,Environmental Science
130239324,Chemistry
270762268,Chemistry
270762268,Materials Science
270762268,Medicine
270762268,data processing
43094124,Education
43094124,Medicine
43094124,data processing
68907658,Medicine
68907658,Medicine
68907658,big data
183107384,data management
185792436,data storage
173705177,data management
224297388,Law
224297388,Business
224297388,data management
107061362,Engineering
107061362,Environmental Science
107061362,Engineering
107061362,data modeling
224922521,Education
224922521,Business
224922521,Psychology
224922521,indexing
19464545,Medicine
19464545,Medicine
19464545,indexing
122618069,Physics
122618069,Mathematics
122618069,Physics
151942777,Philosophy
151942777,Psychology
240566351,Education
240566351,Psychology
240566351,data storage
78617183,data management
264045200,big data
93930959,data querying
235376510,Materials Science
235376510,Environmental Science
235376510,Physics
235376510,data processing
102770424,Chemistry
102770424,Materials Science
102770424,Materials Science
108696045,Engineering
108696045,Materials Science
108696045,Engineering
144617992,Business
144617992,Education
144617992,Sociology
144617992,data modeling
224576852,data storage
249434685,Medicine
249434685,Medicine
249434685,data processing
112215425,Engineering
112215425,Business
112215425,Engineering
86493820,Medicine
86493820,Medicine
86493820,data querying
153372678,Law
153372678,Political Science
153372678,Economics
153372678,data modeling
165454727,History
165454727,History
165454727,data management
193212873,Art
193212873,History
193212873,Art
199341498,Education
199341498,Business
199341498,Economics
199341498,Business
15143374,Computer Science
15143374,Engineering
15143374,Computer Science
15143374,indexing
226222977,data management
220632530,Computer Science
220632530,Sociology
220632530,Computer Science
220632530,Engineering
95706601,Chemistry
95706601,Chemistry
95706601,data storage
260761391,Engineering
260761391,Environmental Science
260761391,Computer Science
206992014,Environmental Science
206992014,Engineering
206992014,Materials Science
206992014,Medicine
206992014,big data
22676250,Psychology
22676250,Psychology
22676250,Medicine
22676250,data processing
266809839,big data
100981771,Biology
100981771,Environmental Science
100981771,Chemistry
100981771,Chemistry
100981771,data management
6769581,Biology
6769581,Medicine
6769581,Biology
6769581,Medicine
76169992,Medicine
76169992,Medicine
177479510,data modeling
189727316,data management
229726132,Environmental Science
229726132,Political Science
144425017,data processing
123615813,Physics
123615813,Engineering
123615813,Physics
20578947,Computer Science
20578947,Engineering
20578947,Computer Science
20578947,big data
58894083,data storage
93866858,Chemistry
93866858,Environmental Science
93866858,Chemistry
95839847,Chemistry
95839847,Medicine
95839847,Chemistry
95839847,data modeling
238514536,Medicine
238514536,Political Science
238514536,data processing
119731774,Physics
119731774,Physics
63444480,Physics
63444480,Computer Science
63444480,data modeling
202867278,Medicine
202867278,Mathematics
202867278,data modeling
189110764,Law
189110764,History
155784084,Political Science
155784084,Political Science
155784084,data querying
127935133,Environmental Science
127935133,Medicine
127935133,Geography
127935133,indexing
248442242,big data
61165368,Education
61165368,Computer Science
61165368,indexing
193118703,data processing
234664153,Political Science
234664153,Medicine
234664153,indexing
158302151,Education
158302151,Psychology
24807572,Medicine
24807572,Medicine
59269509,Linguistics
59269509,Computer Science
59269509,data querying
64739990,Law
64739990,Political Science
64739990,Computer Science
223719273,Sociology
223719273,Sociology
223719273,data processing
148440268,Physics
148440268,Psychology
148440268,data processing
154824391,History
154824391,Political Science
154824391,Economics
154824391,Economics
154824391,big data
262583814,big data
266654448,data management
163829576,History
163829576,History
94452909,Chemistry
94452909,Chemistry
133984442,Environmental Science
133984442,Engineering
133984442,Environmental Science
133984442,data management
39486097,Biology
39486097,Medicine
39486097,Medicine
39486097,indexing
43610614,Medicine
43610614,Biology
43610614,Medicine
148744878,Engineering
148744878,Computer Science
148744878,Psychology
174305888,indexing
253873957,data modeling
3355507,Medicine
3355507,Medicine
3355507,data processing
92874888,Chemistry
92874888,Chemistry
92874888,indexing
117544639,Engineering
117544639,Physics
117544639,Mathematics
117544639,data storage
112364604,Engineering
112364604,Environmental Science
112364604,Geology
112364604,Engineering
112364604,big data
177869425,indexing
225516839,Materials Science
225516839,Chemistry
225516839,Materials Science
255033823,big data
32185536,Environmental Science
32185536,Geography
32185536,Geography
32185536,Medicine
133487653,Engineering
133487653,Physics
133487653,indexing
133690002,Environmental Science
133690002,Materials Science
171543471,data processing
245123611,Political Science
245123611,Mathematics
78371357,Medicine
78371357,Biology
78371357,Medicine
157348934,Engineering
157348934,Education
157348934,Business
157348934,Political Science
157348934,data querying
261420609,data management
43787120,Medicine
43787120,Medicine
157941017,Sociology
157941017,Political Science
157941017,data storage
195361888,indexing
268855060,Psychology
268855060,Medicine
268855060,Medicine
268855060,data querying
5353906,Mathematics
5353906,Mathematics
5353906,big data
38116587,Biology
38116587,Chemistry
38116587,Environmental Science
38116587,Biology
38116587,data management
93426870,Chemistry
93426870,Materials Science
93426870,Chemistry
122828144,data management
138833630,Materials Science
138833630,Materials Science
232668995,data management
19255658,Medicine
19255658,Medicine
19255658,data management
221091574,Engineering
221091574,Computer Science
221091574,Computer Science
221091574,data processing
224887336,Engineering
224887336,Computer Science
224887336,data management
25563630,Medicine
25563630,Medicine
17085949,Biology
17085949,Biology
17085949,Medicine
17085949,data modeling
44423388,Medicine
44423388,Engineering
44423388,Medicine
85573868,Agricultural and Food Sciences
85573868,Biology
258299811,Medicine
258299811,Medicine
42125579,Medicine
42125579,Medicine
15128411,Biology
15128411,Medicine
15128411,Biology
15128411,Medicine
15128411,big data
22704506,Engineering
22704506,Physics
22704506,Engineering
22704506,data modeling
34163864,Medicine
34163864,Medicine
73040201,Political Science
73040201,Medicine
73040201,Medicine
73040201,data management
227142366,Medicine
227142366,Medicine
227142366,data modeling
122855906,Engineering
122855906,Materials Science
122855906,Physics
122855906,Materials Science
229342598,Psychology
229342598,Medicine
229342598,Medicine
229342598,data modeling
8288935,Biology
8288935,Biology
8288935,Medicine
8288935,big data
147480211,History
147480211,History
147480211,Sociology
238580031,Psychology
238580031,Medicine
238580031,Medicine
238580031,data querying
149435653,Psychology
149435653,Psychology
177767787,Political Science
177767787,Sociology
177767787,Political Science
177767787,indexing
215864226,Geology
215864226,Computer Science
215864226,Geology
215864226,data modeling
237695639,Education
237695639,Engineering
237695639,Computer Science
237695639,Computer Science
237695639,data querying
98808134,Agricultural and Food Sciences
98808134,Mathematics
98808134,data modeling
265466194,Computer Science
265466194,Computer Science
265466194,data processing
22001349,Computer Science
22001349,Mathematics
22001349,Education
22001349,Computer Science
22001349,data storage
58609220,Medicine
58609220,Medicine
125740668,Engineering
125740668,Physics
125740668,History
125740668,Physics
125740668,big data
127274159,Political Science
127274159,Sociology
127274159,Geography
126180090,indexing
129052524,Medicine
129052524,Education
129052524,Geography
155227647,Business
155227647,Sociology
155227647,Sociology
179126785,data storage
25205283,Medicine
25205283,Medicine
25205283,data modeling
209773590,Engineering
209773590,Physics
209773590,Physics
209773590,big data
263743007,Medicine
263743007,Biology
263743007,Biology
96546314,Environmental Science
96546314,Engineering
96546314,Materials Science
127834029,Environmental Science
127834029,Agricultural and Food Sciences
127834029,Geography
127834029,indexing
204450569,data processing
165684943,data querying
2835443,Medicine
2835443,Medicine
2835443,data storage
107579035,Engineering
107579035,Physics
107579035,Materials Science
114693316,big data
123567697,Engineering
123567697,Mathematics
123567697,Computer Science
123567697,Mathematics
134044432,Environmental Science
134044432,Geography
134044432,Geology
134044432,big data
84939350,Environmental Science
84939350,Biology
84939350,Biology
84939350,data modeling
268108434,indexing
32672932,Biology
32672932,Medicine
32672932,Biology
32672932,Medicine
32672932,indexing
248181005,Medicine
248181005,Environmental Science
248181005,Medicine
248181005,indexing
72929008,Medicine
72929008,Medicine
72929008,indexing
76757922,Medicine
76757922,Medicine
54465408,Engineering
54465408,Computer Science
54465408,Computer Science
54465408,indexing
135256369,Agricultural and Food Sciences
135256369,Environmental Science
135256369,Geology
135256369,indexing
197491316,Education
197491316,Economics
197491316,Mathematics
197491316,indexing
153006329,History
153006329,Sociology
153006329,History
107567019,Environmental Science
107567019,Engineering
107567019,Engineering
110383436,Business
110383436,Engineering
110383436,data processing
64309173,Engineering
64309173,Engineering
64309173,data processing
218288923,data management
72419074,Medicine
72419074,Medicine
72419074,indexing
253631418,Medicine
253631418,Medicine
37190486,Computer Science
37190486,Medicine
37190486,Medicine
36852234,Medicine
36852234,Medicine
36852234,data storage
44340747,Medicine
44340747,Biology
44340747,Medicine
44340747,data storage
130401190,Environmental Science
130401190,Geography
130401190,Environmental Science
130401190,data querying
168049290,Economics
168049290,Business
168049290,Business
168049290,data querying
223400493,data management
54887495,Economics
54887495,Economics
130278157,Agricultural and Food Sciences
130278157,Business
125189044,data querying
152490285,Sociology
152490285,Education
152490285,Agricultural and Food Sciences
152490285,Sociology
152490285,data querying
163001731,indexing
167078060,Business
167078060,Economics
167078060,Business
167078060,data modeling
107093541,Business
107093541,Engineering
70557584,Medicine
70557584,Medicine
68201429,Medicine
68201429,Political Science
68201429,Medicine
95184218,Chemistry
95184218,Chemistry
95184218,big data
17090623,Environmental Science
17090623,Medicine
17090623,Medicine
11445113,Education
11445113,Environmental Science
11445113,Medicine
11445113,Sociology
11445113,Medicine
211898089,data management
211910652,data management
161183449,data modeling
233999098,Medicine
233999098,Biology
233999098,Medicine
70826787,Medicine
70826787,Biology
70826787,Medicine
70826787,data storage
115062982,Economics
115062982,Environmental Science
115062982,Business
115062982,Engineering
115062982,big data
124872297,Mathematics
124872297,Engineering
124872297,Mathematics
124872297,data processing
239684302,Materials Science
239684302,Engineering
239684302,Materials Science
212066202,data querying
160142619,data storage
246854945,Medicine
246854945,Environmental Science
246854945,Medicine
26233313,Engineering
26233313,Physics
26233313,Engineering
26233313,Computer Science
84025551,Medicine
84025551,Medicine
84025551,big data
93058293,Chemistry
93058293,Education
93058293,Chemistry
120231494,Physics
120231494,Physics
213329507,Engineering
213329507,Materials Science
213329507,Physics
213329507,data modeling
27393492,Medicine
27393492,Medicine
27393492,big data
86276085,Law
86276085,Environmental Science
86276085,Agricultural and Food Sciences
86276085,Biology
86276085,data processing
58563142,Medicine
58563142,Medicine
58563142,big data
207818408,Environmental Science
207818408,Materials Science
207818408,Engineering
207818408,Physics
207818408,Medicine
207818408,Materials Science
207818408,data storage
35432900,Biology
35432900,Chemistry
35432900,Materials Science
35432900,Biology
35432900,Medicine
83959393,Environmental Science
83959393,Biology
83959393,Biology
83959393,data modeling
12610767,data processing
169116361,Business
169116361,Economics
169116361,Business
148677424,Education
148677424,Psychology
262989515,indexing
251028013,data processing
265832044,indexing
120421105,Computer Science
120421105,Mathematics
197987146,data storage
168943406,Economics
168943406,Business
168943406,Economics
168943406,indexing
158049062,Economics
158049062,Political Science
158049062,Business
158049062,Economics
158049062,data modeling
25949876,Medicine
25949876,Medicine
34881193,Biology
34881193,Medicine
34881193,Biology
34881193,Medicine
89562417,Biology
89562417,Environmental Science
89562417,Biology
126311633,Physics
126311633,Physics
156682220,Law
156682220,Political Science
156682220,Political Science
156682220,indexing
179627923,data processing
220188198,indexing
248644976,data querying
4091569,data management
262106835,Chemistry
262106835,Chemistry
262106835,Medicine
262106835,data management
90270929,Medicine
90270929,Biology
124047803,Engineering
124047803,Computer Science
124047803,Mathematics
57817622,Medicine
57817622,Medicine
226214159,Medicine
226214159,Medicine
226214159,data storage
129206037,Environmental Science
129206037,Engineering
129206037,Computer Science
129206037,Computer Science
129206037,big data
167028217,Economics
167028217,Computer Science
167028217,Business
167028217,Engineering
167028217,Business
154036498,Economics
154036498,Economics
204699945,Mathematics
204699945,Medicine
204699945,Medicine
204699945,Biology
204699945,data querying
38582881,Medicine
38582881,Medicine
38582881,data modeling
156027639,Law
156027639,Political Science
156027639,indexing
117084740,Physics
117084740,Mathematics
130092449,Engineering
130092449,Environmental Science
130092449,Environmental Science
130092449,data processing
89083165,Agricultural and Food Sciences
89083165,Medicine
89083165,Biology
156354689,Agricultural and Food Sciences
156354689,Economics
156354689,Economics
9058054,Environmental Science
9058054,Medicine
9058054,Biology
9058054,Medicine
32012404,Mathematics
32012404,Medicine
32012404,Chemistry
32012404,Medicine
253440756,data processing
56431098,data storage
115927865,data processing
271102479,indexing
63601420,Computer Science
63601420,Computer Science
63601420,data querying
164886137,Medicine
164886137,Agricultural and Food Sciences
164886137,Medicine
164886137,data querying
163903705,History
163903705,History
163903705,data modeling
197825687,Environmental Science
197825687,Sociology
197825687,Political Science
197825687,data storage
227424987,Psychology
227424987,Medicine
227424987,Psychology
111585391,Engineering
111585391,Engineering
111585391,big data
199429530,data querying
106896447,Engineering
106896447,Engineering
106896447,data management
80547050,Sociology
80547050,Medicine
80547050,Environmental Science
80547050,Medicine
80547050,data storage
159480022,data modeling
84701951,Agricultural and Food Sciences
84701951,Environmental Science
84701951,Biology
84701951,data management
119645431,Mathematics
119645431,Mathematics
256000581,Medicine
256000581,Psychology
256000581,Medicine
256000581,data modeling
8996793,Medicine
8996793,Medicine
8996793,data modeling
86647421,data querying
36830867,Medicine
36830867,Medicine
36830867,data processing
169394376,Agricultural and Food Sciences
169394376,Environmental Science
169394376,Geography
412416,Medicine
412416,Medicine
112215923,big data
95085009,Environmental Science
95085009,Chemistry
138521307,Materials Science
138521307,Materials Science
146284753,Engineering
146284753,Geology
189101667,Law
189101667,Computer Science
267950915,Biology
267950915,Medicine
267950915,Medicine
267950915,data management
126347802,Mathematics
126347802,Mathematics
274484572,big data
95599323,Chemistry
95599323,Chemistry
53457873,data modeling
123041739,Physics
123041739,Chemistry
123041739,Physics
123041739,big data
142905974,Psychology
142905974,Sociology
142905974,indexing
84329800,Biology
84329800,Environmental Science
84329800,Geography
84329800,Geography
84329800,Biology
84329800,data processing
175799489,data management
274368603,Medicine
274368603,Medicine
274368603,big data
161887722,Environmental Science
161887722,Law
161887722,Political Science
161887722,Philosophy
161887722,History
161887722,data modeling
83505761,Medicine
83505761,Biology
179313804,big data
178546228,data modeling
147515468,History
147515468,Sociology
32166966,Medicine
32166966,Medicine
32166966,data querying
68740871,indexing
138074544,Materials Science
138074544,Engineering
138074544,Materials Science
174967334,big data
173783803,data modeling
208567322,Agricultural and Food Sciences
208567322,Biology
208567322,indexing
205658142,Environmental Science
205658142,Sociology
205658142,Medicine
205658142,Geography
228790975,data processing
77924379,Medicine
77924379,Education
77924379,Medicine
16780728,Physics
16780728,Physics
16780728,data querying
1333243,data management
71000541,Medicine
71000541,Law
71000541,Medicine
71000541,data querying
119128150,Mathematics
119128150,Physics
119128150,Mathematics
119128150,data storage
186576018,Materials Science
186576018,Engineering
186576018,Materials Science
186576018,big data
215565078,data processing
149862668,Philosophy
149862668,Economics
140222545,Chemistry
140222545,Chemistry
140222545,big data
53767599,Physics
53767599,Engineering
53767599,Computer Science
53767599,Medicine
53767599,data storage
40748989,Medicine
40748989,Medicine
276792212,data modeling
58253389,Computer Science
58253389,Computer Science
58253389,data management
108804206,Engineering
108804206,Materials Science
108804206,Computer Science
108804206,Engineering
108804206,data querying
159787941,History
159787941,Philosophy
159787941,data processing
140541004,Environmental Science
140541004,Geography
140541004,data processing
213984658,Chemistry
213984658,Materials Science
213984658,Chemistry
213984658,data processing
114851691,Engineering
114851691,Computer Science
114851691,Business
114851691,Engineering
114851691,data modeling
203889172,Medicine
203889172,Chemistry
203889172,Biology
203889172,data querying
98448890,Chemistry
98448890,Biology
98448890,Materials Science
98448890,Chemistry
194421838,data querying
198971706,big data
183277109,Education
183277109,Sociology
183277109,data storage
143501298,Psychology
143501298,Psychology
141256748,Engineering
141256748,Materials Science
141256748,data processing
264786586,indexing
238782514,Engineering
238782514,Materials Science
238782514,Materials Science
79705649,Medicine
79705649,Medicine
79705649,data modeling
106882379,History
106882379,Engineering
106882379,data management
20486983,Medicine
20486983,Medicine
127686800,Physics
127686800,Physics
127686800,indexing
92221713,Biology
92221713,Environmental Science
92221713,Biology
92221713,data querying
206208223,Medicine
206208223,Medicine
206208223,data storage
1585773,Chemistry
1585773,Chemistry
1585773,Medicine
87580427,Agricultural and Food Sciences
87580427,Biology
227649152,Psychology
227649152,Psychology
102925719,Computer Science
102925719,Materials Science
184965228,indexing
119249102,Physics
119249102,Physics
9840079,Chemistry
9840079,Materials Science
9840079,Chemistry
9840079,Medicine
9840079,data querying
268788062,big data
224814165,Computer Science
224814165,Computer Science
224814165,data querying
18527211,Environmental Science
18527211,Geology
18527211,Geology
72082825,Medicine
72082825,Engineering
72082825,Medicine
72082825,data storage
32054915,Medicine
32054915,Medicine
32054915,data storage
94384531,Physics
94384531,Materials Science
94384531,Chemistry
128951417,Geology
128951417,Geology
158448319,Engineering
158448319,Political Science
158448319,data modeling
230939562,Physics
230939562,Engineering
196711706,Chemistry
196711706,Chemistry
84531048,Environmental Science
84531048,Biology
84531048,Biology
84531048,data querying
272877158,big data
228804436,Philosophy
228804436,Biology
228804436,data querying
250677196,Physics
250677196,Materials Science
250677196,Physics
250677196,data management
174572347,indexing
88670280,Medicine
88670280,Biology
88670280,data processing
115758949,Physics
115758949,Physics
211980572,data storage
16698775,Medicine
16698775,Biology
16698775,Medicine
164474515,data modeling
231449794,Geology
231449794,Environmental Science
231449794,Geology
217319522,Art
217319522,Art
223839356,indexing
266000288,big data
168903573,Economics
168903573,Sociology
168903573,Business
168903573,Business
168903573,data management
16423144,Computer Science
16423144,Linguistics
16423144,Computer Science
244763446,data processing
202586133,indexing
229415227,Political Science
229415227,Sociology
229415227,Political Science
229415227,data processing
84787968,Medicine
84787968,Biology
85883570,Chemistry
85883570,Chemistry
242789618,data processing
196973953,Chemistry
196973953,Chemistry
109562598,Psychology
109562598,Psychology
109562598,data querying
5436643,Medicine
5436643,Medicine
245148148,Medicine
245148148,Biology
245148148,Medicine
245148148,data querying
246791657,data processing
247111381,data modeling
195934398,Computer Science
195934398,Physics
195934398,Mathematics
195934398,Computer Science
89252310,Medicine
89252310,Chemistry
109071334,Engineering
109071334,Physics
109071334,Engineering
109071334,data storage
131115195,Geology
131115195,Environmental Science
131115195,Geology
131115195,data management
240108624,big data
267429551,data processing
220671582,Medicine
220671582,Engineering
220671582,Medicine
220671582,Computer Science
220671582,big data
261533933,History
261533933,History
27637369,Medicine
27637369,Medicine
27637369,data modeling
127486894,Environmental Science
127486894,Environmental Science
127722508,Geology
127722508,Geology
92441132,Biology
92441132,Agricultural and Food Sciences
92441132,Environmental Science
92441132,Biology
92441132,indexing
64189917,Computer Science
64189917,Computer Science
187784966,Materials Science
187784966,Engineering
187784966,Computer Science
187784966,data storage
171044404,Environmental Science
171044404,Philosophy
246505937,Psychology
246505937,Medicine
246505937,data storage
135675452,Engineering
135675452,Materials Science
135675452,Materials Science
135675452,big data
276474591,data management
77071195,Medicine
77071195,Medicine
91948385,Engineering
91948385,Materials Science
91948385,Chemistry
177028599,indexing
167981064,Education
167981064,Political Science
268633557,data processing
158290175,Economics
158290175,Economics
158290175,data processing
147018176,Physics
147018176,Psychology
147018176,data storage
176278178,indexing
252771262,data processing
67823931,Political Science
67823931,Economics
67823931,Business
67823931,Political Science
141716198,Sociology
141716198,Medicine
141716198,Medicine
218492725,Medicine
218492725,Medicine
218492725,data querying
272069913,data modeling
27366444,data modeling
29346974,Chemistry
29346974,Environmental Science
29346974,Materials Science
29346974,Chemistry
29346974,data processing
78253014,Medicine
78253014,Medicine
181447154,big data
246904106,Materials Science
246904106,Environmental Science
246904106,Engineering
246904106,Chemistry
246904106,Medicine
246904106,indexing
269078680,Materials Science
269078680,Chemistry
269078680,Medicine
61248947,Education
61248947,Medicine
61248947,Computer Science
130474293,Geology
130474293,Geography
130474293,big data
201669908,Medicine
201669908,Medicine
216445863,Medicine
216445863,Medicine
121072384,Physics
121072384,Engineering
121072384,Physics
152959548,Political Science
152959548,Political Science
152959548,data storage
241457625,indexing
264048159,data management
273459806,indexing
29499733,Medicine
29499733,Chemistry
29499733,Biology
29499733,Medicine
235437007,Environmental Science
235437007,Materials Science
235437007,Medicine
235437007,data modeling
213285891,Medicine
213285891,Medicine
216385176,Linguistics
216385176,Psychology
216385176,Computer Science
216385176,data querying
100771816,Chemistry
100771816,Chemistry
79824318,Medicine
79824318,Medicine
80305395,data querying
159892893,Law
159892893,Business
190396583,data processing
89772680,indexing
93213597,Engineering
93213597,Chemistry
93213597,Materials Science
93213597,Materials Science
250861909,Physics
250861909,Physics
250861909,data management
223296435,indexing
204422327,Education
204422327,Political Science
182036788,History
182036788,History
165624767,Art
165624767,History
160289258,data processing
147817906,Medicine
147817906,Psychology
147817906,Psychology
239075971,data management
16731362,Medicine
16731362,Chemistry
16731362,Medicine
16731362,data storage
89955565,data querying
85224412,Materials Science
85224412,Chemistry
85224412,Materials Science
85224412,indexing
129879254,Geology
129879254,Environmental Science
129879254,Geology
227028000,Medicine
227028000,Medicine
227028000,data modeling
201911033,Medicine
201911033,Computer Science
201911033,Computer Science
170630768,Philosophy
170630768,Philosophy
170630768,big data
177359170,data management
145457263,Psychology
145457263,Medicine
145457263,Psychology
192201609,big data
194628585,data modeling
241369500,data processing
114681320,Engineering
114681320,Computer Science
114681320,Engineering
114681320,indexing
137000631,Materials Science
137000631,Materials Science
137000631,data processing
270076290,data management
80031550,Medicine
80031550,History
80031550,data processing
51715093,Environmental Science
51715093,Geography
51715093,Medicine
75660530,Medicine
75660530,Medicine
75660530,data management
143314410,Education
143314410,Psychology
143314410,indexing
31435424,Medicine
31435424,Medicine
31435424,data storage
31801736,Medicine
31801736,Medicine
95955136,Chemistry
95955136,Chemistry
170439030,Philosophy
170439030,Philosophy
227447194,Psychology
227447194,Medicine
198980342,big data
149415857,Agricultural and Food Sciences
149415857,Psychology
37959523,data management
111864947,Engineering
111864947,Computer Science
111864947,Engineering
111864947,data querying
55364620,Engineering
55364620,Environmental Science
55364620,Environmental Science
55364620,big data
227397237,data modeling
197552078,Engineering
197552078,Environmental Science
197552078,Materials Science
197552078,Environmental Science
197552078,data querying
133747009,Geology
133747009,Geology
133747009,data storage
22883253,Psychology
22883253,Psychology
22883253,Medicine
22883253,data processing
32736314,Medicine
32736314,Medicine
89216323,Agricultural and Food Sciences
89216323,Biology
246533549,Engineering
246533549,Physics
246533549,Computer Science
157694621,Engineering
157694621,Computer Science
2016936,Engineering
2016936,Environmental Science
2016936,Medicine
2016936,Engineering
2016936,data storage
76087004,Medicine
76087004,Medicine
270850245,Medicine
270850245,Medicine
270850245,indexing
108414033,Environmental Science
108414033,Business
108414033,Engineering
108414033,data querying
23045270,Medicine
23045270,Chemistry
23045270,Medicine
23045270,indexing
96176540,Physics
96176540,Materials Science
96176540,Physics
96176540,data querying
122383054,Business
122383054,Economics
122383054,Economics
122383054,data querying
4054882,Materials Science
4054882,Medicine
4054882,Chemistry
4054882,Medicine
4054882,data storage
44260806,Medicine
44260806,Medicine
228219693,Environmental Science
228219693,Geography
228219693,Geography
228219693,indexing
137794495,Materials Science
137794495,Chemistry
137794495,Engineering
137794495,Materials Science
137794495,data storage
15123378,Computer Science
15123378,Engineering
15123378,Materials Science
15123378,Computer Science
22771054,Medicine
22771054,Medicine
22771054,data processing
126792813,Engineering
126792813,Environmental Science
126792813,Geology
126792813,big data
120681023,Physics
120681023,Physics
230704096,indexing
215952476,Physics
215952476,Engineering
215952476,Computer Science
215952476,data processing
34909154,Biology
34909154,Biology
34909154,Medicine
34909154,data storage
90113853,Environmental Science
90113853,Biology
90113853,Biology
90113853,data querying
271039807,Mathematics
271039807,Computer Science
271039807,Computer Science
271039807,indexing
196384259,Medicine
196384259,Medicine
196384259,data querying
92783053,Environmental Science
92783053,Environmental Science
246519435,big data
163309631,Political Science
163309631,History
163309631,Political Science
28183985,Medicine
28183985,Chemistry
28183985,Medicine
116891152,Biology
116891152,Environmental Science
116891152,Biology
116891152,data management
24492976,Psychology
24492976,Psychology
24492976,Medicine
208535927,Medicine
208535927,Medicine
208535927,data storage
94319145,Chemistry
94319145,Chemistry
226794449,Art
226794449,Art
148125461,Psychology
148125461,Education
148125461,Business
148125461,Psychology
258922193,indexing
207295539,Biology
207295539,Medicine
207295539,Medicine
207295539,Biology
207295539,data storage
151712649,data storage
25227952,Medicine
25227952,Medicine
20214632,Medicine
20214632,Biology
20214632,Medicine
20214632,Psychology
20214632,Biology
20214632,big data
45296529,Medicine
45296529,Medicine
62621822,Chemistry
62621822,Materials Science
62621822,Biology
62621822,Computer Science
62621822,indexing
72710960,Medicine
72710960,Medicine
125373215,Mathematics
125373215,Mathematics
71918960,Medicine
71918960,Medicine
71918960,big data
15938614,Chemistry
15938614,Medicine
15938614,Chemistry
15938614,Medicine
131495969,Environmental Science
131495969,Engineering
131495969,Materials Science
131495969,big data
7344439,Computer Science
7344439,Computer Science
7344439,data modeling
19799883,Medicine
19799883,Medicine
36891412,Medicine
36891412,Medicine
36891412,indexing
185971457,History
185971457,Political Science
185971457,History
185971457,data storage
59304362,Medicine
59304362,Engineering
59304362,Medicine
11960891,Medicine
11960891,Medicine
11960891,Biology
36357623,Medicine
36357623,Medicine
36357623,data querying
68957200,data processing
97045296,Environmental Science
97045296,Chemistry
139852784,Materials Science
139852784,Engineering
139852784,Materials Science
125188815,Physics
125188815,Physics
108019820,Engineering
108019820,Environmental Science
108019820,Engineering
108019820,data processing
18797550,Biology
18797550,Environmental Science
18797550,Biology
18797550,data processing
261934969,Medicine
261934969,Medicine
24182494,Medicine
24182494,Medicine
225707626,Materials Science
225707626,Materials Science
225707626,Chemistry
225707626,indexing
114177861,Environmental Science
114177861,Engineering
114177861,Engineering
146061299,Engineering
146061299,Computer Science
85260930,Environmental Science
85260930,Geology
85260930,Geology
36628036,Computer Science
36628036,Engineering
36628036,Physics
36628036,Mathematics
36628036,Computer Science
61347239,Engineering
61347239,Computer Science
61347239,Computer Science
61347239,data management
179544464,data processing
170695702,data querying
226380510,Law
226380510,Political Science
226380510,data storage
219269660,Medicine
219269660,Chemistry
219269660,data modeling
45844748,Medicine
45844748,Medicine
45844748,data querying
257987016,data storage
123453963,Mathematics
123453963,Mathematics
123453963,data querying
121000748,Engineering
121000748,Geology
121000748,Engineering
121000748,indexing
157301213,History
157301213,Mathematics
157301213,Economics
157301213,data modeling
850452,Medicine
850452,Medicine
78012988,Medicine
78012988,Engineering
78012988,Medicine
98810621,big data
103850001,Materials Science
103850001,Chemistry
103850001,Materials Science
244981722,Computer Science
244981722,Engineering
244981722,Computer Science
244981722,data management
212775015,Business
212775015,Economics
212775015,Business
171687449,data management
237760076,Environmental Science
237760076,Engineering
237760076,Business
237760076,data management
240534061,Business
240534061,Computer Science
240534061,Business
151603699,Sociology
151603699,Sociology
113234855,Agricultural and Food Sciences
113234855,Engineering
159988595,data storage
216652670,Engineering
216652670,Sociology
216652670,Environmental Science
216652670,Geography
216652670,data processing
232843758,Business
232843758,Law
232843758,Business
232843758,data querying
171855062,indexing
138421255,Materials Science
138421255,Chemistry
138421255,Materials Science
138421255,data querying
89497667,Biology
89497667,Environmental Science
89497667,History
89497667,data modeling
8552735,Environmental Science
8552735,Medicine
8552735,Biology
8552735,Medicine
72131596,Education
72131596,Medicine
72131596,data modeling
80403400,Medicine
80403400,Medicine
186678990,data processing
181135807,data querying
111601277,big data
138656658,Engineering
138656658,Materials Science
138656658,Materials Science
253377129,data management
109911302,Engineering
109911302,Materials Science
109911302,Engineering
104169610,Agricultural and Food Sciences
104169610,Chemistry
150569320,Sociology
150569320,Political Science
150569320,Political Science
246870231,data management
261252572,data management
139755620,Materials Science
139755620,Physics
139755620,Materials Science
139755620,indexing
38132695,Medicine
38132695,Medicine
84937453,Economics
84937453,Environmental Science
84937453,Agricultural and Food Sciences
84937453,Biology
84937453,data modeling
166082263,data querying
184377274,data processing
267072873,big data
189090056,data management
42660129,Biology
42660129,Medicine
42660129,Medicine
45445531,Engineering
45445531,Computer Science
45445531,Computer Science
42353577,Agricultural and Food Sciences
42353577,Medicine
189940973,data modeling
130290842,Geology
130290842,Environmental Science
130290842,Geology
233467248,Business
233467248,Economics
233467248,Computer Science
233467248,Business
233467248,data processing
95256592,Physics
95256592,Materials Science
95256592,Chemistry
167485635,Business
167485635,Psychology
167485635,data management
12814299,Biology
12814299,Biology
12814299,Medicine
63194620,Computer Science
63194620,Environmental Science
63194620,Computer Science
40757275,Biology
40757275,Medicine
40757275,Medicine
40757275,indexing
23210137,Psychology
23210137,Sociology
23210137,Medicine
23210137,big data
97972957,Materials Science
97972957,Engineering
97972957,Physics
97972957,Materials Science
20324759,Medicine
20324759,Medicine
20324759,data querying
73804102,Medicine
73804102,Physics
73804102,Medicine
73804102,big data
87564716,Biology
87564716,Medicine
87564716,Biology
32527173,Biology
32527173,Medicine
32527173,Biology
32527173,Medicine
152607539,Economics
152607539,Environmental Science
152607539,Engineering
152607539,Economics
152607539,data management
151661545,data querying
176105454,data processing
207475197,Medicine
207475197,Materials Science
207475197,Chemistry
207475197,Chemistry
207475197,Medicine
43575481,Medicine
43575481,Medicine
123102535,Physics
123102535,Physics
123102535,data storage
4148567,Biology
4148567,Environmental Science
4148567,Medicine
4148567,Biology
4148567,Medicine
121480520,Physics
121480520,Physics
188142292,big data
203047514,Education
203047514,Psychology
203047514,data modeling
122326374,Computer Science
122326374,Mathematics
122326374,Engineering
122326374,Mathematics
267592515,big data
73743181,Medicine
73743181,Medicine
138266300,Materials Science
138266300,Engineering
138266300,Materials Science
133092773,History
133092773,Geography
133092773,data storage
156262288,Law
156262288,Political Science
156262288,Political Science
156262288,data modeling
143503140,Computer Science
143503140,Sociology
143503140,data processing
135060936,Materials Science
135060936,Engineering
135060936,Materials Science
135060936,big data
96364559,Chemistry
96364559,Engineering
96364559,Chemistry
96364559,indexing
199173317,Education
199173317,Computer Science
199173317,Sociology
199173317,indexing
203600534,data storage
53108524,Environmental Science
53108524,Medicine
53108524,Medicine
53108524,indexing
113142965,Engineering
113142965,Environmental Science
113142965,Engineering
113142965,big data
76359835,Medicine
76359835,Medicine
76359835,data processing
144085155,Political Science
144085155,History
144085155,History
146698268,Materials Science
146698268,Chemistry
146698268,Engineering
146698268,Materials Science
242389350,indexing
187284982,data processing
10767007,Medicine
10767007,Biology
10767007,Medicine
10767007,big data
229386695,big data
21130308,Computer Science
21130308,Engineering
21130308,Computer Science
21130308,indexing
270706290,data management
23634831,Engineering
23634831,Physics
23634831,Engineering
23634831,data modeling
90196594,Materials Science
90196594,Agricultural and Food Sciences
90196594,Materials Science
90196594,big data
218707509,data storage
171793615,Philosophy
171793615,Philosophy
171793615,data management
234985325,Mathematics
234985325,Mathematics
84099492,Environmental Science
84099492,Biology
84099492,Biology
166258699,Law
166258699,Business
166258699,data management
202211950,Environmental Science
202211950,Materials Science
202211950,Engineering
202211950,Materials Science
81665603,Medicine
81665603,Psychology
81665603,Medicine
96189724,Physics
96189724,Materials Science
96189724,Chemistry
96189724,data modeling
14139147,Computer Science
14139147,Mathematics
14139147,Engineering
14139147,Computer Science
14139147,Mathematics
14139147,data storage
58604640,Psychology
58604640,Medicine
58604640,Psychology
31753968,Medicine
31753968,Medicine
91015920,Medicine
91015920,Environmental Science
91015920,Chemistry
83415725,Biology
83415725,Biology
83415725,indexing
144191996,Psychology
144191996,Psychology
144191996,data querying
160841977,data processing
242546462,indexing
38484262,Engineering
38484262,Physics
38484262,Geography
38484262,data processing
92697125,Chemistry
92697125,Chemistry
236810575,data querying
266192920,data querying
2676686,Medicine
2676686,Biology
2676686,Medicine
2676686,big data
45076974,Medicine
45076974,Medicine
13481707,Education
13481707,Linguistics
13481707,Psychology
13481707,data management
68804854,Education
68804854,Medicine
68804854,Medicine
68804854,big data
90337533,Biology
90337533,Biology
185029979,big data
141698344,Biology
141698344,Medicine
141698344,data management
274663835,data storage
32794594,Chemistry
32794594,Medicine
32794594,Chemistry
32794594,Medicine
32794594,big data
109745222,Engineering
109745222,Engineering
248243677,Business
248243677,Computer Science
248243677,Computer Science
248243677,data management
94706833,Chemistry
94706833,Chemistry
224609726,data processing
150587049,History
150587049,History
150587049,big data
220046618,Medicine
220046618,Medicine
232010493,Biology
232010493,Chemistry
232010493,data processing
236658075,Medicine
236658075,Engineering
236658075,Medicine
236658075,data storage
193422654,Art
193422654,Art
193422654,data management
202956655,Chemistry
202956655,Materials Science
202956655,Chemistry
202956655,data management
12390429,Medicine
12390429,Biology
12390429,Medicine
39533802,Medicine
39533802,Medicine
17622907,Chemistry
17622907,Chemistry
17622907,big data
8613414,Computer Science
8613414,Engineering
8613414,Environmental Science
8613414,Computer Science
187712649,data modeling
123111873,Mathematics
123111873,Mathematics
117403943,Physics
117403943,Physics
226105113,Psychology
226105113,Medicine
226105113,Psychology
89744795,Biology
89744795,Biology
89744795,data storage
115680898,Engineering
115680898,Environmental Science
115680898,Materials Science
215785294,Medicine
215785294,Biology
215785294,Medicine
29759363,Medicine
29759363,Medicine
39766075,Medicine
39766075,Chemistry
39766075,Medicine
157411209,Economics
157411209,Economics
157411209,data management
216579098,History
216579098,Art
170943238,History
170943238,Art
117008452,Chemistry
117008452,Chemistry
154840280,Environmental Science
154840280,Environmental Science
154840280,data querying
32204444,big data
110054961,Engineering
110054961,Materials Science
110054961,Computer Science
7385589,Computer Science
7385589,Biology
7385589,Chemistry
7385589,Biology
7385589,Medicine
7385589,big data
30351431,Biology
30351431,Biology
30351431,Medicine
190731063,data querying
197834658,Physics
197834658,Economics
197834658,data modeling
180096858,data processing
139109083,Engineering
139109083,Materials Science
139109083,Materials Science
139109083,data querying
262116729,Medicine
262116729,Psychology
262116729,Medicine
170372814,Philosophy
170372814,History
170372814,History
95773712,Chemistry
95773712,Materials Science
95773712,Materials Science
95773712,indexing
34562712,Medicine
34562712,Environmental Science
34562712,Biology
34562712,Medicine
34562712,data storage
2319403,Biology
2319403,Medicine
228771901,Art
228771901,Art
250865682,Mathematics
250865682,Physics
127333959,Law
127333959,Political Science
127333959,Geography
229066993,Medicine
229066993,Environmental Science
229066993,Medicine
229066993,data modeling
148807184,Political Science
148807184,History
148807184,Political Science
131548761,Environmental Science
131548761,Political Science
131548761,Economics
131548761,Geography
131548761,indexing
190853591,Art
190853591,Art
190853591,data storage
230061630,data modeling
163235520,History
163235520,History
169148550,big data
106474994,Physics
106474994,Engineering
106474994,indexing
94304440,Chemistry
94304440,Materials Science
94304440,Chemistry
8773591,Chemistry
8773591,Chemistry
8773591,Medicine
41292868,Environmental Science
41292868,Environmental Science
41292868,Medicine
268933969,data processing
234817851,Environmental Science
234817851,Economics
234817851,Business
234817851,data management
145415,Medicine
145415,Medicine
99905398,Business
99905398,Business
99905398,data processing
114767675,Engineering
114767675,Physics
114767675,Materials Science
114767675,Physics
114767675,Materials Science
114767675,data processing
245740059,Environmental Science
245740059,Physics
245740059,big data
86589518,Medicine
86589518,Biology
86589518,Biology
89329984,Agricultural and Food Sciences
89329984,Biology
156214578,Education
156214578,Economics
156214578,Economics
201407106,Philosophy
201407106,Sociology
201407106,data querying
139704313,Engineering
139704313,Materials Science
139704313,indexing
62627232,Computer Science
62627232,Computer Science
236388096,Computer Science
236388096,Engineering
236388096,Business
236388096,Engineering
152842362,Political Science
152842362,Political Science
94127764,Physics
94127764,Chemistry
94127764,Mathematics
94127764,data querying
133731150,Engineering
133731150,Environmental Science
133731150,Geology
133731150,Geology
133731150,data modeling
143122949,data storage
200699168,data management
12348218,Medicine
12348218,Medicine
12348218,data querying
196551139,Medicine
196551139,Medicine
19409223,Biology
19409223,Chemistry
19409223,Biology
19409223,Medicine
19409223,indexing
143894544,Education
143894544,History
143894544,Psychology
143894544,data management
247337554,Materials Science
247337554,Physics
247337554,Computer Science
247337554,Medicine
247337554,data management
3545675,Engineering
3545675,Physics
3545675,Materials Science
3545675,Computer Science
3545675,Medicine
3545675,data querying
20656057,Medicine
20656057,Medicine
268492916,Environmental Science
268492916,Biology
268492916,Computer Science
268492916,data storage
64350271,Medicine
64350271,Computer Science
64350271,data modeling
42049598,data management
122539158,Materials Science
122539158,Engineering
122539158,Materials Science
122539158,Engineering
211399915,Economics
211399915,Economics
135583410,Engineering
135583410,Materials Science
135583410,Materials Science
135583410,data querying
170137887,data querying
172178317,indexing
67865972,Engineering
67865972,Computer Science
67865972,Environmental Science
67865972,Computer Science
261395654,Medicine
261395654,Engineering
261395654,Medicine
261395654,Computer Science
155052371,Environmental Science
155052371,Business
155052371,indexing
32473364,data querying
30450922,Medicine
30450922,Medicine
30450922,data modeling
79604461,Medicine
79604461,Medicine
79604461,data storage
160470224,History
160470224,Philosophy
160470224,History
181847621,indexing
139698055,Materials Science
139698055,Engineering
139698055,Materials Science
162826464,History
162826464,History
162826464,indexing
3809397,Medicine
3809397,Medicine
275684257,Medicine
275684257,Medicine
275684257,data management
76643015,Medicine
76643015,Medicine
76643015,big data
193158733,History
193158733,Art
177864477,big data
75826351,Chemistry
75826351,Biology
75826351,Philosophy
75826351,data storage
262066133,Medicine
262066133,Medicine
18990652,Physics
18990652,Physics
97817544,Chemistry
97817544,Chemistry
46299244,Medicine
46299244,Medicine
41072519,Chemistry
41072519,Medicine
41072519,Chemistry
41072519,data querying
118530316,Physics
118530316,Physics
74425017,Medicine
74425017,Medicine
74425017,data querying
129166873,Environmental Science
129166873,Agricultural and Food Sciences
129166873,Chemistry
274400841,data storage
252263971,big data
3271491,Medicine
3271491,Biology
3271491,Medicine
3271491,big data
5517,Biology
5517,Chemistry
5517,Materials Science
5517,Biology
5517,Medicine
44941603,Medicine
44941603,Medicine
114753979,Environmental Science
114753979,Engineering
114753979,Engineering
63077811,Computer Science
63077811,Medicine
63077811,Computer Science
79798660,data querying
79486176,Medicine
79486176,Medicine
163840975,data processing
213424524,History
213424524,Political Science
213424524,data management
184573971,data modeling
73599247,Economics
73599247,Mathematics
73599247,Economics
73599247,data querying
25512387,Biology
25512387,Biology
25512387,Medicine
25512387,data management
32595012,Medicine
32595012,Medicine
32595012,data querying
22799079,Medicine
22799079,Medicine
22339365,Biology
22339365,Medicine
22339365,Biology
22339365,Medicine
22339365,data processing
70731774,Medicine
70731774,Medicine
70731774,indexing
78386716,Psychology
78386716,Medicine
78386716,Sociology
78386716,Medicine
78386716,data querying
223700854,data processing
116935561,Physics
116935561,Physics
275072689,data storage
8515794,Medicine
8515794,Medicine
44317085,Medicine
44317085,Medicine
55799272,Engineering
55799272,Materials Science
55799272,Mathematics
130498285,Agricultural and Food Sciences
130498285,Biology
201499536,big data
209065995,Biology
209065995,Medicine
209065995,big data
86389249,Medicine
86389249,Medicine
86389249,big data
112594653,Engineering
112594653,Materials Science
112594653,Engineering
112594653,big data
234945832,Law
234945832,Philosophy
245623295,data processing
265221821,Medicine
265221821,Engineering
265221821,Biology
98576517,Chemistry
98576517,Chemistry
222476981,Medicine
222476981,Education
222476981,Psychology
268829187,data management
249043964,Medicine
249043964,Computer Science
249043964,Computer Science
249043964,Medicine
249043964,big data
205247691,Biology
205247691,Medicine
205247691,Biology
205247691,Medicine
205247691,data querying
12044726,Medicine
12044726,Medicine
139399992,Materials Science
139399992,Engineering
139399992,Materials Science
211833041,Medicine
211833041,Biology
211833041,Medicine
211833041,Biology
233089931,data storage
5185897,indexing
104928534,Chemistry
104928534,Chemistry
104928534,big data
35115228,Medicine
35115228,Medicine
35115228,Biology
44459717,Medicine
44459717,Biology
44459717,Medicine
148110146,Law
148110146,Philosophy
148110146,Philosophy
148110146,data querying
121311915,Mathematics
121311915,Mathematics
121311915,big data
276372050,big data
151707612,Psychology
151707612,Medicine
151707612,Psychology
151707612,data processing
63483079,Education
63483079,Art
63483079,Computer Science
106749492,Engineering
106749492,Engineering
144834130,Sociology
144834130,Philosophy
144834130,Sociology
55412070,Economics
55412070,Business
55412070,Economics
85848648,Medicine
85848648,Biology
85848648,Medicine
38049520,Medicine
38049520,Medicine
259847336,Physics
259847336,Physics
58324198,Computer Science
58324198,Computer Science
196172681,Chemistry
196172681,Medicine
196172681,Business
196172681,data management
197033523,Chemistry
197033523,Chemistry
197033523,data modeling
42188291,Environmental Science
42188291,Medicine
42188291,Chemistry
42188291,Medicine
42188291,data processing
55296916,Materials Science
55296916,Engineering
55296916,Materials Science
55296916,data management
143268734,Sociology
143268734,Sociology
74935348,data modeling
97840580,Chemistry
97840580,Chemistry
97840580,indexing
97733513,Chemistry
97733513,Chemistry
97733513,indexing
115641782,Business
115641782,Engineering
129766070,Environmental Science
129766070,Geography
129766070,Geography
41593220,Medicine
41593220,Medicine
144638893,Medicine
144638893,Psychology
256475728,big data
219923095,Medicine
219923095,Medicine
136957911,Materials Science
136957911,Materials Science
224775136,indexing
169893232,Economics
169893232,Business
169893232,data processing
40288433,Medicine
40288433,Medicine
40288433,data processing
71533589,data storage
111915263,data processing
143816448,Art
143816448,Sociology
143816448,data management
230487712,data management
25200485,Medicine
25200485,Psychology
25200485,Medicine
81114216,Chemistry
81114216,Biology
81114216,data querying
265318504,data querying
23366497,Chemistry
23366497,Medicine
23366497,Biology
23366497,Medicine
96440471,Medicine
96440471,Environmental Science
96440471,Medicine
271891885,Psychology
271891885,Computer Science
271891885,Linguistics
271891885,Computer Science
271891885,data modeling
30828370,Medicine
30828370,Medicine
90470397,Medicine
90470397,Biology
90470397,data querying
162950202,History
162950202,History
162950202,indexing
111521845,Agricultural and Food Sciences
111521845,Computer Science
111521845,Engineering
111521845,data querying
35824332,Psychology
35824332,Psychology
35824332,Medicine
71739227,Medicine
71739227,Engineering
71739227,Medicine
71739227,indexing
203490721,Sociology
203490721,Economics
203490721,indexing
145054684,Sociology
145054684,Education
145054684,Sociology
145054684,indexing
71000494,Medicine
71000494,Business
71000494,Medicine
71000494,data storage
151661512,Philosophy
151661512,Political Science
151661512,Sociology
151661512,data modeling
3169581,Medicine
3169581,Medicine
61417329,Engineering
61417329,Environmental Science
61417329,Computer Science
61417329,data management
75010893,Physics
75010893,Computer Science
29254279,Computer Science
29254279,Engineering
29254279,Computer Science
92302357,Engineering
92302357,Medicine
92302357,Chemistry
124335615,Physics
124335615,Mathematics
144872227,data processing
210800297,Engineering
210800297,Physics
210800297,Materials Science
210800297,data modeling
197022186,Chemistry
197022186,Chemistry
169269699,Business
169269699,Economics
169269699,Business
169269699,data management
82337523,Biology
82337523,Agricultural and Food Sciences
82337523,Biology
1080624,Medicine
1080624,Medicine
1080624,data querying
12456871,Medicine
12456871,Medicine
12456871,data modeling
46875117,Medicine
46875117,Medicine
123374106,Physics
123374106,Materials Science
123374106,Materials Science
123374106,indexing
91275125,Chemistry
91275125,Chemistry
89497649,Biology
89497649,Agricultural and Food Sciences
89497649,Biology
160443176,History
160443176,Linguistics
160443176,History
160443176,indexing
190552967,big data
235358456,Computer Science
235358456,Linguistics
235358456,Computer Science
66018293,Economics
66018293,Business
66018293,Geography
66018293,Environmental Science
66018293,Computer Science
66018293,data storage
238730546,Environmental Science
238730546,Environmental Science
265264282,data storage
219154484,Biology
219154484,Biology
128892391,Environmental Science
128892391,Sociology
128892391,Environmental Science
178434463,data storage
53126650,Medicine
53126650,Medicine
106812157,Education
106812157,Physics
106812157,Engineering
106812157,big data
97836171,Chemistry
97836171,Materials Science
97836171,Chemistry
97836171,big data
171022110,Linguistics
171022110,Psychology
167449049,Business
167449049,Computer Science
167449049,Business
255362265,Environmental Science
255362265,Agricultural and Food Sciences
255362265,Medicine
255362265,data querying
18974850,History
18974850,Engineering
18974850,Biology
18974850,Medicine
18974850,indexing
89649956,Agricultural and Food Sciences
89649956,Environmental Science
89649956,Biology
157879800,Business
157879800,Political Science
157879800,data modeling
167337252,Economics
167337252,Business
167337252,Business
186224137,data processing
123497221,Computer Science
123497221,Mathematics
34668058,Medicine
34668058,Medicine
124582299,Engineering
124582299,Physics
124582299,Mathematics
133473369,Computer Science
133473369,Engineering
133473369,Computer Science
94763273,Chemistry
94763273,Chemistry
120371949,Physics
120371949,Mathematics
120371949,data storage
8969205,Biology
8969205,Medicine
8969205,Biology
8969205,Medicine
8969205,data storage
234812213,Physics
234812213,Physics
68605723,data modeling
237455926,Computer Science
237455926,Computer Science
18274237,Chemistry
18274237,Medicine
18274237,Chemistry
245613163,Biology
245613163,Medicine
159393400,History
159393400,Law
159393400,Environmental Science
159393400,Art
159393400,data storage
120458783,Physics
120458783,Materials Science
120458783,big data
154286856,Computer Science
154286856,Education
154286856,Political Science
154286856,data querying
267996905,data storage
271346278,Medicine
271346278,Medicine
271346278,data management
135906851,Physics
135906851,Materials Science
135906851,Materials Science
135906851,Engineering
211290721,Biology
211290721,Political Science
211290721,data management
90563360,Biology
90563360,Environmental Science
90563360,Geography
162011604,History
162011604,Sociology
162011604,History
162011604,data modeling
4916573,Biology
4916573,Medicine
4916573,Medicine
4916573,Biology
123629317,Engineering
123629317,Engineering
168418359,Business
168418359,Engineering
168418359,Business
166902453,Philosophy
166902453,Political Science
189960524,Materials Science
189960524,Engineering
189960524,Physics
189960524,Materials Science
124032666,Computer Science
124032666,Engineering
124032666,Mathematics
124032666,data modeling
156067902,Political Science
156067902,Political Science
156067902,data management
21313187,Medicine
21313187,Medicine
21313187,data modeling
6841000,Medicine
6841000,Medicine
6841000,data management
128608377,Geology
128608377,Geology
136570958,Materials Science
136570958,Engineering
136570958,Materials Science
136570958,data management
182274829,data modeling
197710551,data modeling
21232491,indexing
10568773,Medicine
10568773,Medicine
10568773,data modeling
74898396,data modeling
253954611,indexing
268524408,big data
231818421,Environmental Science
231818421,Chemistry
231818421,Medicine
9877888,Agricultural and Food Sciences
9877888,Economics
9877888,Business
9877888,Economics
106799038,Medicine
106799038,Medicine
134850102,data management
159610919,History
159610919,History
159610919,indexing
240446061,big data
153886614,Political Science
153886614,Political Science
153886614,data management
86238802,Medicine
86238802,Engineering
86238802,Biology
86238802,Biology
15520674,Computer Science
15520674,Engineering
15520674,Engineering
15520674,Computer Science
145440105,Economics
145440105,Political Science
145440105,Economics
145440105,data processing
4993502,Medicine
4993502,Medicine
4993502,data modeling
4226946,Medicine
4226946,Medicine
7924539,data modeling
32258743,data processing
85183888,Environmental Science
85183888,Biology
71205265,Education
71205265,Medicine
71205265,data modeling
202512813,data processing
152523251,Education
152523251,Psychology
152523251,data processing
172660650,data querying
111323074,Agricultural and Food Sciences
111323074,Environmental Science
111323074,Engineering
111323074,Materials Science
111323074,Engineering
111323074,data storage
246774271,data processing
97130826,Engineering
97130826,Environmental Science
97130826,Chemistry
97130826,data processing
90144572,Medicine
90144572,Biology
90144572,Biology
167740306,Economics
167740306,Business
167740306,Business
198287896,Medicine
198287896,Medicine
198287896,data storage
217180331,data processing
142824826,Sociology
142824826,Psychology
142824826,Psychology
142824826,data querying
137034637,Materials Science
137034637,Materials Science
159390035,Economics
159390035,Political Science
159390035,Political Science
159390035,data storage
224073402,Education
224073402,Art
238916543,Agricultural and Food Sciences
238916543,Chemistry
238916543,data querying
134789911,Environmental Science
134789911,Business
134789911,data management
258733880,indexing
102319425,Medicine
102319425,Chemistry
78061338,Medicine
78061338,Medicine
78061338,data modeling
46497526,Medicine
46497526,Biology
46497526,Biology
46497526,Medicine
82872225,Medicine
82872225,Chemistry
159168777,Education
159168777,Political Science
159168777,data modeling
170118209,Philosophy
170118209,Philosophy
102531342,Environmental Science
102531342,Business
97475851,Chemistry
97475851,Environmental Science
97475851,Materials Science
97475851,Chemistry
33599060,Engineering
33599060,Computer Science
33599060,Computer Science
262465592,Engineering
262465592,Physics
262465592,Chemistry
262465592,Medicine
262465592,Materials Science
101271052,Chemistry
101271052,Chemistry
162304137,Philosophy
162304137,History
206129179,Chemistry
206129179,Medicine
206129179,Chemistry
206129179,data management
187287382,data querying
18931661,Economics
18931661,Medicine
18931661,Medicine
18931661,data modeling
62437555,data processing
12648090,Engineering
12648090,Engineering
12648090,Computer Science
12648090,big data
8024991,Environmental Science
8024991,Environmental Science
227956699,Environmental Science
227956699,Geology
227956699,Environmental Science
238182177,data storage
133250740,Geology
133250740,Geology
133250740,indexing
119225182,Physics
119225182,Physics
249910339,big data
271007976,Biology
271007976,Environmental Science
271007976,Medicine
271007976,Medicine
3771212,Biology
3771212,Chemistry
3771212,Chemistry
3771212,Medicine
3771212,data modeling
58017974,Engineering
58017974,Mathematics
58017974,big data
91665878,Chemistry
91665878,Materials Science
91665878,Materials Science
114073334,Environmental Science
114073334,Engineering
114073334,Geology
114073334,Engineering
114073334,big data
145990509,Medicine
145990509,Sociology
145990509,Medicine
144391975,Sociology
144391975,Sociology
216172135,History
216172135,History
136936541,Physics
136936541,Engineering
136936541,Materials Science
136936541,Materials Science
136936541,big data
26675889,Physics
26675889,Medicine
216143742,indexing
144228684,Political Science
144228684,Sociology
144228684,Sociology
144228684,data storage
145943433,Engineering
145943433,Materials Science
145943433,Chemistry
147813642,Law
147813642,Sociology
147879233,Psychology
147879233,Medicine
147879233,Psychology
136511422,Physics
136511422,Engineering
136511422,Materials Science
136511422,big data
91653366,Medicine
91653366,Biology
91653366,Biology
91653366,Medicine
91653366,data management
158084269,Political Science
158084269,Political Science
158084269,data processing
190620832,data querying
113713393,Engineering
113713393,Environmental Science
113713393,Engineering
113713393,indexing
246016964,Physics
246016964,Physics
246016964,big data
229427313,Computer Science
229427313,Engineering
229427313,Computer Science
229427313,data management
177877013,Education
177877013,Political Science
237917997,data storage
147174739,Philosophy
147174739,Philosophy
108683817,Business
108683817,Political Science
108683817,Engineering
270439980,Engineering
270439980,Environmental Science
270439980,Medicine
119388743,Physics
119388743,Physics
119388743,data processing
117573179,Environmental Science
117573179,Engineering
117573179,Engineering
153031852,Economics
153031852,Economics
153031852,data processing
233030230,big data
228616712,Political Science
228616712,Art
112594752,Engineering
112594752,Environmental Science
112594752,Engineering
176219433,data storage
178848327,big data
266160913,data modeling
16713865,Computer Science
16713865,Computer Science
46901470,data storage
112728219,Engineering
112728219,Materials Science
112728219,Engineering
112728219,data processing
113483692,Engineering
113483692,Materials Science
113483692,Engineering
113483692,indexing
261596432,indexing
171722041,Philosophy
171722041,Philosophy
171722041,data processing
22492721,Medicine
22492721,Medicine
22492721,data management
54041159,Medicine
54041159,Medicine
54041159,data management
30647830,Medicine
30647830,Medicine
30647830,Environmental Science
23971012,Medicine
23971012,Medicine
72534637,Education
72534637,Medicine
72534637,Medicine
72534637,data processing
45492176,Geology
45492176,Engineering
45492176,Biology
45492176,Medicine
215977413,Computer Science
215977413,Computer Science
123854659,Mathematics
123854659,Mathematics
140458588,data storage
41134582,Chemistry
41134582,Medicine
41134582,Chemistry
41134582,Medicine
41134582,indexing
239149353,data storage
194026893,data management
7760311,Biology
7760311,Medicine
7760311,Biology
7760311,Medicine
78370207,Biology
78370207,Medicine
78370207,Chemistry
78370207,data processing
57277532,Computer Science
57277532,Linguistics
57277532,Computer Science
132988723,Engineering
132988723,Geology
132988723,Geology
192853404,Philosophy
192853404,Biology
192853404,Art
254524589,Medicine
254524589,Medicine
254524589,big data
237972700,data modeling
88494079,Computer Science
88494079,Medicine
88494079,Computer Science
88494079,big data
41327110,Art
41327110,Education
41327110,Engineering
41327110,Medicine
41327110,indexing
131065340,Environmental Science
131065340,Biology
131065340,Geography
151080570,Education
151080570,Art
151080570,Psychology
179738434,data management
14762304,Computer Science
14762304,Mathematics
14762304,Computer Science
60734263,data processing
32342560,Medicine
32342560,Medicine
131298692,History
131298692,Geography
64718505,Engineering
64718505,Computer Science
64718505,Computer Science
171119560,indexing
83185145,History
83185145,Geology
83185145,data storage
210804800,Engineering
210804800,Medicine
210804800,Materials Science
210804800,Medicine
210804800,Chemistry
71178703,Medicine
71178703,Medicine
268734390,Biology
268734390,Medicine
108947316,Engineering
108947316,Business
108947316,Engineering
